MP Name,mpConstituency,Party,MP Page Reference
The Hon. Stephen Kinnock,Aberavon,Labour,/wiki/Stephen_Kinnock
Guto Bebb,Aberconwy,Conservative,/wiki/Guto_Bebb
Kirsty Blackman,Aberdeen North,SNP,/wiki/Kirsty_Blackman
Ross Thomson,Aberdeen South,SNP,/wiki/Ross_Thomson
Neil Gray,Airdrie and Shotts,SNP,/wiki/Neil_Gray
Leo Docherty,Aldershot,Conservative,/wiki/Leo_Docherty
Wendy Morton,Aldridge-Brownhills,Conservative,/wiki/Wendy_Morton
Graham Brady,Altrincham and Sale West,Conservative,/wiki/Graham_Brady
Mark Tami,Alyn and Deeside,Labour,/wiki/Mark_Tami
Nigel Mills,Amber Valley,Conservative,/wiki/Nigel_Mills_(politician)
Kirstene Hair,Angus,SNP,/wiki/Kirstene_Hair
Hywel Williams,Arfon,Plaid Cymru,/wiki/Hywel_Williams
Brendan O'Hara,Argyll and Bute,SNP,/wiki/Brendan_O%27Hara
Nick Herbert,Arundel and South Downs,Conservative,/wiki/Nick_Herbert
Gloria De Piero,Ashfield,Labour,/wiki/Gloria_De_Piero
Damian Green,Ashford,Conservative,/wiki/Damian_Green
Angela Rayner,Ashton-under-Lyne,Labour,/wiki/Angela_Rayner
David Lidington,Aylesbury,Conservative,/wiki/David_Lidington
Bill Grant,"Ayr, Carrick and Cumnock",SNP,/wiki/Bill_Grant_(politician)
The Hon. Victoria Prentis,Banbury,Conservative,/wiki/Victoria_Prentis
David Duguid,Banff and Buchan,SNP,/wiki/David_Duguid_(politician)
Dame Margaret Hodge,Barking,Labour,/wiki/Margaret_Hodge
Dan Jarvis,Barnsley Central,Labour,/wiki/Dan_Jarvis
Stephanie Peacock,Barnsley East,Labour,/wiki/Stephanie_Peacock_(politician)
John Woodcock,Barrow and Furness,Labour Co-operative,/wiki/John_Woodcock_(politician)
John Baron,Basildon and Billericay,Conservative,/wiki/John_Baron_(politician)
Maria Miller,Basingstoke,Conservative,/wiki/Maria_Miller
John Mann,Bassetlaw,Labour,/wiki/John_Mann_(British_politician)
Wera Hobhouse,Bath,Conservative,/wiki/Wera_Hobhouse
Tracy Brabin,Batley and Spen,Labour Co-operative,/wiki/Tracy_Brabin
Marsha de Cordova,Battersea,Conservative,/wiki/Marsha_de_Cordova
Dominic Grieve,Beaconsfield,Conservative,/wiki/Dominic_Grieve
Bob Stewart,Beckenham,Conservative,/wiki/Bob_Stewart_(British_Army_officer)
Mohammad Yasin,Bedford,Conservative,/wiki/Mohammad_Yasin_(politician)
Gavin Robinson,Belfast East,DUP,/wiki/Gavin_Robinson
Nigel Dodds,Belfast North,DUP,/wiki/Nigel_Dodds
Emma Little Pengelly,Belfast South,SDLP,/wiki/Emma_Little_Pengelly
Paul Maskey,Belfast West,Sinn Féin,/wiki/Paul_Maskey
Neil Coyle,Bermondsey and Old Southwark,Labour,/wiki/Neil_Coyle
Anne-Marie Trevelyan,Berwick-upon-Tweed,Conservative,/wiki/Anne-Marie_Trevelyan
John Lamont,"Berwickshire, Roxburgh and Selkirk",SNP,/wiki/John_Lamont_(Scottish_politician)
Rushanara Ali,Bethnal Green and Bow,Labour,/wiki/Rushanara_Ali
Graham Stuart,Beverley and Holderness,Conservative,/wiki/Graham_Stuart_(politician)
Huw Merriman,Bexhill and Battle,Conservative,/wiki/Huw_Merriman
David Evennett,Bexleyheath and Crayford,Conservative,/wiki/David_Evennett
Frank Field,Birkenhead,Labour,/wiki/Frank_Field_(British_politician)
Preet Gill,"Birmingham, Edgbaston",Labour Co-operative,/wiki/Preet_Gill
Jack Dromey,"Birmingham, Erdington",Labour,/wiki/Jack_Dromey
Roger Godsiff,"Birmingham, Hall Green",Labour,/wiki/Roger_Godsiff
Liam Byrne,"Birmingham, Hodge Hill",Labour,/wiki/Liam_Byrne
Shabana Mahmood,"Birmingham, Ladywood",Labour,/wiki/Shabana_Mahmood
Richard Burden,"Birmingham, Northfield",Labour,/wiki/Richard_Burden
Khalid Mahmood,"Birmingham, Perry Barr",Labour,/wiki/Khalid_Mahmood_(British_politician)
Steve McCabe,"Birmingham, Selly Oak",Labour,/wiki/Steve_McCabe_(politician)
Jess Phillips,"Birmingham, Yardley",Labour,/wiki/Jess_Phillips_(politician)
Helen Goodman,Bishop Auckland,Labour,/wiki/Helen_Goodman
Kate Hollern,Blackburn,Labour,/wiki/Kate_Hollern
Graham Stringer,Blackley and Broughton,Labour,/wiki/Graham_Stringer
Paul Maynard,Blackpool North and Cleveleys,Conservative,/wiki/Paul_Maynard
Gordon Marsden,Blackpool South,Labour,/wiki/Gordon_Marsden
Nick Smith,Blaenau Gwent,Labour,/wiki/Nick_Smith_(British_politician)
Liz Twist,Blaydon,Labour,/wiki/Liz_Twist
Ronnie Campbell,Blyth Valley,Labour,/wiki/Ronnie_Campbell
Nick Gibb,Bognor Regis and Littlehampton,Conservative,/wiki/Nick_Gibb
Dennis Skinner,Bolsover,Labour,/wiki/Dennis_Skinner
Sir David Crausby,Bolton North East,Labour,/wiki/David_Crausby
Yasmin Qureshi,Bolton South East,Labour,/wiki/Yasmin_Qureshi
Chris Green,Bolton West,Conservative,/wiki/Chris_Green_(politician)
Peter Dowd,Bootle,Labour,/wiki/Peter_Dowd
Matt Warman,Boston and Skegness,Conservative,/wiki/Matt_Warman
David Tredinnick,Bosworth,Conservative,/wiki/David_Tredinnick_(politician)
Tobias Ellwood,Bournemouth East,Conservative,/wiki/Tobias_Ellwood
Conor Burns,Bournemouth West,Conservative,/wiki/Conor_Burns
Phillip Lee,Bracknell,Conservative,/wiki/Phillip_Lee_(politician)
Imran Hussain,Bradford East,Labour,/wiki/Imran_Hussain_(British_politician)
Judith Cummins,Bradford South,Labour,/wiki/Judith_Cummins
Naz Shah,Bradford West,Labour,/wiki/Naz_Shah
James Cleverly,Braintree,Conservative,/wiki/James_Cleverly
Christopher Davies,Brecon and Radnorshire,Conservative,/wiki/Christopher_Davies_(Conservative_politician)
Dawn Butler,Brent Central,Labour,/wiki/Dawn_Butler
Barry Gardiner,Brent North,Labour,/wiki/Barry_Gardiner
Ruth Cadbury,Brentford and Isleworth,Labour,/wiki/Ruth_Cadbury
Alex Burghart,Brentwood and Ongar,Conservative,/wiki/Alex_Burghart
Madeleine Moon,Bridgend,Labour,/wiki/Madeleine_Moon
Ian Liddell-Grainger,Bridgwater and West Somerset,Conservative,/wiki/Ian_Liddell-Grainger
Andrew Percy,Brigg and Goole,Conservative,/wiki/Andrew_Percy
Lloyd Russell-Moyle,"Brighton, Kemptown",Conservative,/wiki/Lloyd_Russell-Moyle
Caroline Lucas,"Brighton, Pavilion",Green Party,/wiki/Caroline_Lucas
Kerry McCarthy,Bristol East,Labour,/wiki/Kerry_McCarthy
Darren Jones,Bristol North West,Conservative,/wiki/Darren_Jones_(politician)
Karin Smyth,Bristol South,Labour,/wiki/Karin_Smyth
Thangam Debbonaire,Bristol West,Labour,/wiki/Thangam_Debbonaire
Keith Simpson,Broadland,Conservative,/wiki/Keith_Simpson_(politician)
Bob Neill,Bromley and Chislehurst,Conservative,/wiki/Bob_Neill
Sajid Javid,Bromsgrove,Conservative,/wiki/Sajid_Javid
Charles Walker,Broxbourne,Conservative,/wiki/Charles_Walker_(British_politician)
Anna Soubry,Broxtowe,Conservative,/wiki/Anna_Soubry
John Bercow,Buckingham,The Speaker,/wiki/John_Bercow
Julie Cooper,Burnley,Labour,/wiki/Julie_Cooper_(politician)
Andrew Griffiths,Burton,Conservative,/wiki/Andrew_Griffiths_(politician)
James Frith,Bury North,Conservative,/wiki/James_Frith
Ivan Lewis,Bury South,Labour,/wiki/Ivan_Lewis
Jo Churchill,Bury St Edmunds,Conservative,/wiki/Jo_Churchill
Wayne David,Caerphilly,Labour,/wiki/Wayne_David
Jamie Stone,"Caithness, Sutherland and Easter Ross",SNP,/wiki/Jamie_Stone_(Scottish_politician)
Craig Whittaker,Calder Valley,Conservative,/wiki/Craig_Whittaker
Harriet Harman,Camberwell and Peckham,Labour,/wiki/Harriet_Harman
George Eustice,Camborne and Redruth,Conservative,/wiki/George_Eustice
Daniel Zeichner,Cambridge,Labour,/wiki/Daniel_Zeichner
Amanda Milling,Cannock Chase,Conservative,/wiki/Amanda_Milling
Rosie Duffield,Canterbury,Conservative,/wiki/Rosie_Duffield
Jo Stevens,Cardiff Central,Labour,/wiki/Jo_Stevens
Anna McMorrin,Cardiff North,Conservative,/wiki/Anna_McMorrin
Stephen Doughty,Cardiff South and Penarth,Labour Co-operative,/wiki/Stephen_Doughty
Kevin Brennan,Cardiff West,Labour,/wiki/Kevin_Brennan_(politician)
John Stevenson,Carlisle,Conservative,/wiki/John_Stevenson_(British_politician)
Jonathan Edwards,Carmarthen East and Dinefwr,Plaid Cymru,/wiki/Jonathan_Edwards_(Welsh_politician)
Simon Hart,Carmarthen West and South Pembrokeshire,Conservative,/wiki/Simon_Hart
Tom Brake,Carshalton and Wallington,Liberal Democrats,/wiki/Tom_Brake
Rebecca Harris,Castle Point,Conservative,/wiki/Rebecca_Harris
Philippa Whitford,Central Ayrshire,SNP,/wiki/Philippa_Whitford
Mel Stride,Central Devon,Conservative,/wiki/Mel_Stride
Daniel Poulter,Central Suffolk and North Ipswich,Conservative,/wiki/Daniel_Poulter
Ben Lake,Ceredigion,Liberal Democrats,/wiki/Ben_Lake
Edward Argar,Charnwood,Conservative,/wiki/Edward_Argar
Tracey Crouch,Chatham and Aylesford,Conservative,/wiki/Tracey_Crouch
Mary Robinson,Cheadle,Conservative,/wiki/Mary_Robinson_(British_politician)
Vicky Ford,Chelmsford,Conservative,/wiki/Vicky_Ford
Greg Hands,Chelsea and Fulham,Conservative,/wiki/Greg_Hands
Alex Chalk,Cheltenham,Conservative,/wiki/Alex_Chalk
Cheryl Gillan,Chesham and Amersham,Conservative,/wiki/Cheryl_Gillan
Toby Perkins,Chesterfield,Labour,/wiki/Toby_Perkins
Gillian Keegan,Chichester,Conservative,/wiki/Gillian_Keegan
Iain Duncan Smith,Chingford and Woodford Green,Conservative,/wiki/Iain_Duncan_Smith
Michelle Donelan,Chippenham,Conservative,/wiki/Michelle_Donelan
Theresa Villiers,Chipping Barnet,Conservative,/wiki/Theresa_Villiers
Lindsay Hoyle,Chorley,Labour,/wiki/Lindsay_Hoyle
Christopher Chope,Christchurch,Conservative,/wiki/Christopher_Chope
Mark Field,Cities of London and Westminster,Conservative,/wiki/Mark_Field
Chris Matheson,City of Chester,Labour,/wiki/Chris_Matheson_(British_politician)
Giles Watling,Clacton,Independent,/wiki/Giles_Watling
Martin Vickers,Cleethorpes,Conservative,/wiki/Martin_Vickers
Susan Elan Jones,Clwyd South,Labour,/wiki/Susan_Elan_Jones
David Jones,Clwyd West,Conservative,/wiki/David_Jones_(MP_for_Clwyd_West)
Hugh Gaffney,"Coatbridge, Chryston and Bellshill",SNP,/wiki/Hugh_Gaffney
Will Quince,Colchester,Conservative,/wiki/Will_Quince
Thelma Walker,Colne Valley,Conservative,/wiki/Thelma_Walker
Fiona Bruce,Congleton,Conservative,/wiki/Fiona_Bruce_(politician)
Trudy Harrison,Copeland,Conservative,/wiki/Trudy_Harrison
Tom Pursglove,Corby,Conservative,/wiki/Tom_Pursglove
Geoffrey Clifton-Brown,The Cotswolds,Conservative,/wiki/Geoffrey_Clifton-Brown_(born_1953)
Colleen Fletcher,Coventry North East,Labour,/wiki/Colleen_Fletcher
Geoffrey Robinson,Coventry North West,Labour,/wiki/Geoffrey_Robinson
Jim Cunningham,Coventry South,Labour,/wiki/Jim_Cunningham_(UK_politician)
Henry Smith,Crawley,Conservative,/wiki/Henry_Smith_(British_politician)
Laura Smith,Crewe and Nantwich,Conservative,/wiki/Laura_Smith_(politician)
Sarah Jones,Croydon Central,Conservative,/wiki/Sarah_Jones_(politician)
Steve Reed,Croydon North,Labour Co-operative,/wiki/Steve_Reed_(politician)
Chris Philp,Croydon South,Conservative,/wiki/Chris_Philp
Stuart McDonald,"Cumbernauld, Kilsyth and Kirkintilloch East",SNP,/wiki/Stuart_McDonald_(Scottish_politician)
Ann Clwyd,Cynon Valley,Labour,/wiki/Ann_Clwyd
Jon Cruddas,Dagenham and Rainham,Labour,/wiki/Jon_Cruddas
Jenny Chapman,Darlington,Labour,/wiki/Jenny_Chapman
Gareth Johnson,Dartford,Conservative,/wiki/Gareth_Johnson
Chris Heaton-Harris,Daventry,Conservative,/wiki/Chris_Heaton-Harris
David Hanson,Delyn,Labour,/wiki/David_Hanson_(politician)
Andrew Gwynne,Denton and Reddish,Labour,/wiki/Andrew_Gwynne
Chris Williamson,Derby North,Conservative,/wiki/Chris_Williamson_(politician)
Dame Margaret Beckett,Derby South,Labour,/wiki/Margaret_Beckett
Sir Patrick McLoughlin,Derbyshire Dales,Conservative,/wiki/Patrick_McLoughlin
Claire Perry,Devizes,Conservative,/wiki/Claire_Perry
Paula Sherriff,Dewsbury,Labour,/wiki/Paula_Sherriff
Caroline Flint,Don Valley,Labour,/wiki/Caroline_Flint
Dame Rosie Winterton,Doncaster Central,Labour,/wiki/Rosie_Winterton
Ed Miliband,Doncaster North,Labour,/wiki/Ed_Miliband
Charlie Elphicke,Dover,Conservative,/wiki/Charlie_Elphicke
Ian Austin,Dudley North,Labour,/wiki/Ian_Austin_(politician)
Mike Wood,Dudley South,Conservative,/wiki/Mike_Wood_(British_Conservative_politician)
Helen Hayes,Dulwich and West Norwood,Labour,/wiki/Helen_Hayes_(politician)
Alister Jack,Dumfries and Galloway,SNP,/wiki/Alister_Jack
David Mundell,"Dumfriesshire, Clydesdale and Tweeddale",Conservative,/wiki/David_Mundell
Stewart Hosie,Dundee East,SNP,/wiki/Stewart_Hosie
Chris Law,Dundee West,SNP,/wiki/Chris_Law_(politician)
Douglas Chapman,Dunfermline and West Fife,SNP,/wiki/Douglas_Chapman_(Scottish_politician)
Roberta Blackman-Woods,City of Durham,Labour,/wiki/Roberta_Blackman-Woods
Liz Saville-Roberts,Dwyfor Meirionnydd,Plaid Cymru,/wiki/Liz_Saville-Roberts
Rupa Huq,Ealing Central and Acton,Labour,/wiki/Rupa_Huq
Stephen Pound,Ealing North,Labour,/wiki/Stephen_Pound
Virendra Sharma,"Ealing, Southall",Labour,/wiki/Virendra_Sharma
Grahame Morris,Easington,Labour,/wiki/Grahame_Morris
Sammy Wilson,East Antrim,DUP,/wiki/Sammy_Wilson_(politician)
Sir Hugo Swire,East Devon,Conservative,/wiki/Hugo_Swire
Jo Swinson,East Dunbartonshire,SNP,/wiki/Jo_Swinson
Stephen Timms,East Ham,Labour,/wiki/Stephen_Timms
Damian Hinds,East Hampshire,Conservative,/wiki/Damian_Hinds
Lisa Cameron,"East Kilbride, Strathaven and Lesmahagow",SNP,/wiki/Lisa_Cameron
Gregory Campbell,East Londonderry,DUP,/wiki/Gregory_Campbell_(politician)
Martin Whitfield,East Lothian,SNP,/wiki/Martin_Whitfield
Paul Masterton,East Renfrewshire,SNP,/wiki/Paul_Masterton
Sam Gyimah,East Surrey,Conservative,/wiki/Sam_Gyimah
Tim Loughton,East Worthing and Shoreham,Conservative,/wiki/Tim_Loughton
Sir Greg Knight,East Yorkshire,Conservative,/wiki/Greg_Knight
Stephen Lloyd,Eastbourne,Conservative,/wiki/Stephen_Lloyd
Mims Davies,Eastleigh,Conservative,/wiki/Mims_Davies
Antoinette Sandbach,Eddisbury,Conservative,/wiki/Antoinette_Sandbach
Tommy Sheppard,Edinburgh East,SNP,/wiki/Tommy_Sheppard
Deidre Brock,Edinburgh North and Leith,SNP,/wiki/Deidre_Brock
Ian Murray,Edinburgh South,Labour,/wiki/Ian_Murray_(British_politician)
Joanna Cherry,Edinburgh South West,SNP,/wiki/Joanna_Cherry
Christine Jardine,Edinburgh West,Independent,/wiki/Christine_Jardine
Kate Osamor,Edmonton,Labour Co-operative,/wiki/Kate_Osamor
Justin Madders,Ellesmere Port and Neston,Labour,/wiki/Justin_Madders
Alec Shelbrooke,Elmet and Rothwell,Conservative,/wiki/Alec_Shelbrooke
Clive Efford,Eltham,Labour,/wiki/Clive_Efford
Joan Ryan,Enfield North,Labour,/wiki/Joan_Ryan
Bambos Charalambous,"Enfield, Southgate",Conservative,/wiki/Bambos_Charalambous
Eleanor Laing,Epping Forest,Conservative,/wiki/Eleanor_Laing
Chris Grayling,Epsom and Ewell,Conservative,/wiki/Chris_Grayling
Maggie Throup,Erewash,Conservative,/wiki/Maggie_Throup
Teresa Pearce,Erith and Thamesmead,Labour,/wiki/Teresa_Pearce
Dominic Raab,Esher and Walton,Conservative,/wiki/Dominic_Raab
Ben Bradshaw,Exeter,Labour,/wiki/Ben_Bradshaw
John McNally,Falkirk,SNP,/wiki/John_McNally_(politician)
Suella Fernandes,Fareham,Conservative,/wiki/Suella_Fernandes
Helen Whately,Faversham and Mid Kent,Conservative,/wiki/Helen_Whately
Seema Malhotra,Feltham and Heston,Labour Co-operative,/wiki/Seema_Malhotra
Michelle Gildernew,Fermanagh and South Tyrone,UUP,/wiki/Michelle_Gildernew
Jack Lopresti,Filton and Bradley Stoke,Conservative,/wiki/Jack_Lopresti
Mike Freer,Finchley and Golders Green,Conservative,/wiki/Mike_Freer
Damian Collins,Folkestone and Hythe,Conservative,/wiki/Damian_Collins
Mark Harper,Forest of Dean,Conservative,/wiki/Mark_Harper
Elisha McCallion,Foyle,SDLP,/wiki/Elisha_McCallion
Mark Menzies,Fylde,Conservative,/wiki/Mark_Menzies
Sir Edward Leigh,Gainsborough,Conservative,/wiki/Edward_Leigh
Maria Eagle,Garston and Halewood,Labour,/wiki/Maria_Eagle
Ian Mearns,Gateshead,Labour,/wiki/Ian_Mearns
Vernon Coaker,Gedling,Labour,/wiki/Vernon_Coaker
Rehman Chishti,Gillingham and Rainham,Conservative,/wiki/Rehman_Chishti
Alison Thewliss,Glasgow Central,SNP,/wiki/Alison_Thewliss
David Linden,Glasgow East,Independent,/wiki/David_Linden_(politician)
Patrick Grady,Glasgow North,SNP,/wiki/Patrick_Grady
Paul Sweeney,Glasgow North East,SNP,/wiki/Paul_Sweeney
Carol Monaghan,Glasgow North West,SNP,/wiki/Carol_Monaghan
Stewart McDonald,Glasgow South,SNP,/wiki/Stewart_McDonald_(politician)
Chris Stephens,Glasgow South West,SNP,/wiki/Chris_Stephens_(politician)
Peter Grant,Glenrothes,SNP,/wiki/Peter_Grant_(politician)
Richard Graham,Gloucester,Conservative,/wiki/Richard_Graham_(politician)
Colin Clark,Gordon,SNP,/wiki/Colin_Clark_(politician)
Caroline Dinenage,Gosport,Conservative,/wiki/Caroline_Dinenage
Tonia Antoniazzi,Gower,Conservative,/wiki/Tonia_Antoniazzi
Nicholas Boles,Grantham and Stamford,Conservative,/wiki/Nicholas_Boles
Adam Holloway,Gravesham,Conservative,/wiki/Adam_Holloway
Melanie Onn,Great Grimsby,Labour,/wiki/Melanie_Onn
Brandon Lewis,Great Yarmouth,Conservative,/wiki/Brandon_Lewis
Matthew Pennycook,Greenwich and Woolwich,Labour,/wiki/Matthew_Pennycook
Anne Milton,Guildford,Conservative,/wiki/Anne_Milton
Diane Abbott,Hackney North and Stoke Newington,Labour,/wiki/Diane_Abbott
Meg Hillier,Hackney South and Shoreditch,Labour Co-operative,/wiki/Meg_Hillier
James Morris,Halesowen and Rowley Regis,Conservative,/wiki/James_Morris_(British_politician)
Holly Lynch,Halifax,Labour,/wiki/Holly_Lynch
David Davis,Haltemprice and Howden,Conservative,/wiki/David_Davis_(British_politician)
Derek Twigg,Halton,Labour,/wiki/Derek_Twigg
Andy Slaughter,Hammersmith,Labour,/wiki/Andy_Slaughter
Tulip Siddiq,Hampstead and Kilburn,Labour,/wiki/Tulip_Siddiq
Neil O'Brien,Harborough,Conservative,/wiki/Neil_O%27Brien
Robert Halfon,Harlow,Conservative,/wiki/Robert_Halfon
Andrew Jones,Harrogate and Knaresborough,Conservative,/wiki/Andrew_Jones_(British_politician)
Bob Blackman,Harrow East,Conservative,/wiki/Bob_Blackman_(politician)
Gareth Thomas,Harrow West,Labour Co-operative,/wiki/Gareth_Thomas_(English_politician)
Mike Hill,Hartlepool,Labour,/wiki/Mike_Hill_(British_politician)
The Hon. Bernard Jenkin,Harwich and North Essex,Conservative,/wiki/Bernard_Jenkin
Amber Rudd,Hastings and Rye,Conservative,/wiki/Amber_Rudd
Alan Mak,Havant,Conservative,/wiki/Alan_Mak_(politician)
John McDonnell,Hayes and Harlington,Labour,/wiki/John_McDonnell_(politician)
William Wragg,Hazel Grove,Conservative,/wiki/William_Wragg
Mike Penning,Hemel Hempstead,Conservative,/wiki/Mike_Penning
Jon Trickett,Hemsworth,Labour,/wiki/Jon_Trickett
Matthew Offord,Hendon,Conservative,/wiki/Matthew_Offord
John Howell,Henley,Conservative,/wiki/John_Howell_(politician)
Jesse Norman,Hereford and South Herefordshire,Conservative,/wiki/Jesse_Norman
Mark Prisk,Hertford and Stortford,Conservative,/wiki/Mark_Prisk
Oliver Dowden,Hertsmere,Conservative,/wiki/Oliver_Dowden
Guy Opperman,Hexham,Conservative,/wiki/Guy_Opperman
Liz McInnes,Heywood and Middleton,Labour,/wiki/Liz_McInnes
Ruth George,High Peak,Conservative,/wiki/Ruth_George
Bim Afolami,Hitchin and Harpenden,Conservative,/wiki/Bim_Afolami
Sir Keir Starmer,Holborn and St Pancras,Labour,/wiki/Keir_Starmer
Julia Dockerill,Hornchurch and Upminster,Conservative,/wiki/Julia_Dockerill
Catherine West,Hornsey and Wood Green,Labour,/wiki/Catherine_West
Jeremy Quin,Horsham,Conservative,/wiki/Jeremy_Quin
Bridget Phillipson,Houghton and Sunderland South,Labour,/wiki/Bridget_Phillipson
Peter Kyle,Hove,Labour,/wiki/Peter_Kyle_(politician)
Barry Sheerman,Huddersfield,Labour Co-operative,/wiki/Barry_Sheerman
Jonathan Djanogly,Huntingdon,Conservative,/wiki/Jonathan_Djanogly
Graham Jones,Hyndburn,Labour,/wiki/Graham_Jones_(politician)
Wes Streeting,Ilford North,Labour,/wiki/Wes_Streeting
Mike Gapes,Ilford South,Labour Co-operative,/wiki/Mike_Gapes
Ronnie Cowan,Inverclyde,SNP,/wiki/Ronnie_Cowan_(politician)
Drew Hendry,"Inverness, Nairn, Badenoch and Strathspey",SNP,/wiki/Drew_Hendry
Sandy Martin,Ipswich,Conservative,/wiki/Sandy_Martin_(politician)
Bob Seely,Isle of Wight,Conservative,/wiki/Bob_Seely
Jeremy Corbyn,Islington North,Labour,/wiki/Jeremy_Corbyn
Emily Thornberry,Islington South and Finsbury,Labour,/wiki/Emily_Thornberry
Chris Evans,Islwyn,Labour Co-operative,/wiki/Chris_Evans_(UK_politician)
Stephen Hepburn,Jarrow,Labour,/wiki/Stephen_Hepburn
John Grogan,Keighley,Conservative,/wiki/John_Grogan_(British_politician)
Jeremy Wright,Kenilworth and Southam,Conservative,/wiki/Jeremy_Wright_(politician)
Emma Dent Coad,Kensington,Conservative,/wiki/Emma_Dent_Coad
Philip Hollobone,Kettering,Conservative,/wiki/Philip_Hollobone
Alan Brown,Kilmarnock and Loudoun,SNP,/wiki/Alan_Brown_(Scottish_politician)
Sir Ed Davey,Kingston and Surbiton,Conservative,/wiki/Ed_Davey
Karl Turner,Kingston upon Hull East,Labour,/wiki/Karl_Turner_(British_politician)
Diana Johnson,Kingston upon Hull North,Labour,/wiki/Diana_Johnson
Emma Hardy,Kingston upon Hull West and Hessle,Labour,/wiki/Emma_Hardy_(politician)
Chris Skidmore,Kingswood,Conservative,/wiki/Chris_Skidmore
Lesley Laird,Kirkcaldy and Cowdenbeath,SNP,/wiki/Lesley_Laird
George Howarth,Knowsley,Labour,/wiki/George_Howarth
Sir Jeffrey Donaldson,Lagan Valley,DUP,/wiki/Jeffrey_Donaldson
Angela Crawley,Lanark and Hamilton East,SNP,/wiki/Angela_Crawley
Cat Smith,Lancaster and Fleetwood,Labour,/wiki/Cat_Smith
Hilary Benn,Leeds Central,Labour,/wiki/Hilary_Benn
Richard Burgon,Leeds East,Labour,/wiki/Richard_Burgon
Fabian Hamilton,Leeds North East,Labour,/wiki/Fabian_Hamilton
Alex Sobel,Leeds North West,Liberal Democrats,/wiki/Alex_Sobel
Rachel Reeves,Leeds West,Labour,/wiki/Rachel_Reeves
Keith Vaz,Leicester East,Labour,/wiki/Keith_Vaz
Jon Ashworth,Leicester South,Labour Co-operative,/wiki/Jon_Ashworth
Liz Kendall,Leicester West,Labour,/wiki/Liz_Kendall
Jo Platt,Leigh,Labour,/wiki/Jo_Platt
Maria Caulfield,Lewes,Conservative,/wiki/Maria_Caulfield
Heidi Alexander,Lewisham East,Labour,/wiki/Heidi_Alexander
Ellie Reeves,Lewisham West and Penge,Labour,/wiki/Ellie_Reeves
Vicky Foxcroft,"Lewisham, Deptford",Labour,/wiki/Vicky_Foxcroft
John Cryer,Leyton and Wanstead,Labour,/wiki/John_Cryer
Michael Fabricant,Lichfield,Conservative,/wiki/Michael_Fabricant
Karen Lee,Lincoln,Conservative,/wiki/Karen_Lee_(politician)
Martyn Day,Linlithgow and East Falkirk,SNP,/wiki/Martyn_Day_(politician)
Louise Ellman,"Liverpool, Riverside",Labour Co-operative,/wiki/Louise_Ellman
Dan Carden,"Liverpool, Walton",Labour,/wiki/Dan_Carden
Luciana Berger,"Liverpool, Wavertree",Labour Co-operative,/wiki/Luciana_Berger
Stephen Twigg,"Liverpool, West Derby",Labour Co-operative,/wiki/Stephen_Twigg
Hannah Bardell,Livingston,SNP,/wiki/Hannah_Bardell
Nia Griffith,Llanelli,Labour,/wiki/Nia_Griffith
Nicky Morgan,Loughborough,Conservative,/wiki/Nicky_Morgan
Victoria Atkins,Louth and Horncastle,Conservative,/wiki/Victoria_Atkins
Philip Dunne,Ludlow,Conservative,/wiki/Philip_Dunne_(Ludlow_politician)
Kelvin Hopkins,Luton North,Labour,/wiki/Kelvin_Hopkins
Gavin Shuker,Luton South,Labour Co-operative,/wiki/Gavin_Shuker
David Rutley,Macclesfield,Conservative,/wiki/David_Rutley
Theresa May,Maidenhead,Conservative,/wiki/Theresa_May
Helen Grant,Maidstone and The Weald,Conservative,/wiki/Helen_Grant_(politician)
Yvonne Fovargue,Makerfield,Labour,/wiki/Yvonne_Fovargue
John Whittingdale,Maldon,Conservative,/wiki/John_Whittingdale
Lucy Powell,Manchester Central,Labour Co-operative,/wiki/Lucy_Powell
Afzal Khan,"Manchester, Gorton",Labour,/wiki/Afzal_Khan_(British_politician)
Jeff Smith,"Manchester, Withington",Labour,/wiki/Jeff_Smith_(British_politician)
Ben Bradley,Mansfield,Labour,/wiki/Ben_Bradley_(politician)
George Hollingbery,Meon Valley,Conservative,/wiki/George_Hollingbery
Dame Caroline Spelman,Meriden,Conservative,/wiki/Caroline_Spelman
Gerald Jones,Merthyr Tydfil and Rhymney,Labour,/wiki/Gerald_Jones
Nadine Dorries,Mid Bedfordshire,Conservative,/wiki/Nadine_Dorries
Pauline Latham,Mid Derbyshire,Conservative,/wiki/Pauline_Latham
Michael Tomlinson,Mid Dorset and North Poole,Conservative,/wiki/Michael_Tomlinson
George Freeman,Mid Norfolk,Conservative,/wiki/George_Freeman_(politician)
Sir Nicholas Soames,Mid Sussex,Conservative,/wiki/Nicholas_Soames
Francie Molloy,Mid Ulster,Sinn Féin,/wiki/Francie_Molloy
Nigel Huddleston,Mid Worcestershire,Conservative,/wiki/Nigel_Huddleston
Andy McDonald,Middlesbrough,Labour,/wiki/Andy_McDonald_(politician)
Simon Clarke,Middlesbrough South and East Cleveland,Labour,/wiki/Simon_Clarke_(politician)
Danielle Rowley,Midlothian,SNP,/wiki/Danielle_Rowley
Mark Lancaster,Milton Keynes North,Conservative,/wiki/Mark_Lancaster
Iain Stewart,Milton Keynes South,Conservative,/wiki/Iain_Stewart_(politician)
Siobhain McDonagh,Mitcham and Morden,Labour,/wiki/Siobhain_McDonagh
Sir Paul Beresford,Mole Valley,Conservative,/wiki/Paul_Beresford
David Davies,Monmouth,Conservative,/wiki/David_Davies_(Welsh_politician)
Glyn Davies,Montgomeryshire,Conservative,/wiki/Glyn_Davies_(British_politician)
Douglas Ross,Moray,SNP,/wiki/Douglas_Ross_(Scottish_politician)
David Morris,Morecambe and Lunesdale,Conservative,/wiki/David_Morris_(Conservative_politician)
Andrea Jenkyns,Morley and Outwood,Conservative,/wiki/Andrea_Jenkyns
Marion Fellows,Motherwell and Wishaw,SNP,/wiki/Marion_Fellows
Angus MacNeil,Na h-Eileanan an Iar,SNP,/wiki/Angus_MacNeil
Christina Rees,Neath,Labour,/wiki/Christina_Rees_(politician)
Julian Lewis,New Forest East,Conservative,/wiki/Julian_Lewis_(MP)
Sir Desmond Swayne,New Forest West,Conservative,/wiki/Desmond_Swayne
Robert Jenrick,Newark,Conservative,/wiki/Robert_Jenrick
Richard Benyon,Newbury,Conservative,/wiki/Richard_Benyon
Chinyelu Onwurah,Newcastle upon Tyne Central,Labour,/wiki/Chinyelu_Onwurah
Nick Brown,Newcastle upon Tyne East,Labour,/wiki/Nick_Brown
Catherine McKinnell,Newcastle upon Tyne North,Labour,/wiki/Catherine_McKinnell
Paul Farrelly,Newcastle-under-Lyme,Labour,/wiki/Paul_Farrelly
Jessica Morden,Newport East,Labour,/wiki/Jessica_Morden
Paul Flynn,Newport West,Labour,/wiki/Paul_Flynn_(politician)
Mickey Brady,Newry and Armagh,Sinn Féin,/wiki/Mickey_Brady
Anne Marie Morris,Newton Abbot,Conservative,/wiki/Anne_Marie_Morris
Yvette Cooper,"Normanton, Pontefract and Castleford",Labour,/wiki/Yvette_Cooper
"The Hon. Ian Paisley, Jr.",North Antrim,DUP,"/wiki/Ian_Paisley,_Jr."
Patricia Gibson,North Ayrshire and Arran,SNP,/wiki/Patricia_Gibson
Scott Mann,North Cornwall,Conservative,/wiki/Scott_Mann_(politician)
Peter Heaton-Jones,North Devon,Conservative,/wiki/Peter_Heaton-Jones
Simon Hoare,North Dorset,Conservative,/wiki/Simon_Hoare
"Sylvia, Lady Hermon",North Down,Independent,/wiki/Sylvia_Hermon
Kevan Jones,North Durham,Labour,/wiki/Kevan_Jones
Alistair Burt,North East Bedfordshire,Conservative,/wiki/Alistair_Burt
Stephen Barclay,North East Cambridgeshire,Conservative,/wiki/Stephen_Barclay
Lee Rowley,North East Derbyshire,Labour,/wiki/Lee_Rowley
Stephen Gethins,North East Fife,SNP,/wiki/Stephen_Gethins
Ranil Jayawardena,North East Hampshire,Conservative,/wiki/Ranil_Jayawardena
Sir Oliver Heald,North East Hertfordshire,Conservative,/wiki/Oliver_Heald
The Hon. Jacob Rees-Mogg,North East Somerset,Conservative,/wiki/Jacob_Rees-Mogg
Bill Wiggin,North Herefordshire,Conservative,/wiki/Bill_Wiggin
Norman Lamb,North Norfolk,Liberal Democrats,/wiki/Norman_Lamb
Owen Paterson,North Shropshire,Conservative,/wiki/Owen_Paterson
Liam Fox,North Somerset,Conservative,/wiki/Liam_Fox
Justin Tomlinson,North Swindon,Conservative,/wiki/Justin_Tomlinson
Sir Roger Gale,North Thanet,Conservative,/wiki/Roger_Gale
Mary Glindon,North Tyneside,Labour,/wiki/Mary_Glindon
Craig Tracey,North Warwickshire,Conservative,/wiki/Craig_Tracey
Shailesh Vara,North West Cambridgeshire,Conservative,/wiki/Shailesh_Vara
Laura Pidcock,North West Durham,Labour,/wiki/Laura_Pidcock
Kit Malthouse,North West Hampshire,Conservative,/wiki/Kit_Malthouse
Andrew Bridgen,North West Leicestershire,Conservative,/wiki/Andrew_Bridgen
Sir Henry Bellingham,North West Norfolk,Conservative,/wiki/Henry_Bellingham_(Norfolk_MP)
James Gray,North Wiltshire,Conservative,/wiki/James_Gray_(British_politician)
Michael Ellis,Northampton North,Conservative,/wiki/Michael_Ellis_(British_politician)
Andrew Lewer,Northampton South,Conservative,/wiki/Andrew_Lewer
Chloe Smith,Norwich North,Conservative,/wiki/Chloe_Smith
Clive Lewis,Norwich South,Labour,/wiki/Clive_Lewis_(politician)
Chris Leslie,Nottingham East,Labour Co-operative,/wiki/Chris_Leslie_(politician)
Alex Norris,Nottingham North,Labour,/wiki/Alex_Norris
Lilian Greenwood,Nottingham South,Labour,/wiki/Lilian_Greenwood
Marcus Jones,Nuneaton,Conservative,/wiki/Marcus_Jones_(British_politician)
Luke Graham,Ochil and South Perthshire,SNP,/wiki/Luke_Graham_(politician)
Chris Elmore,Ogmore,Labour,/wiki/Chris_Elmore
James Brokenshire,Old Bexley and Sidcup,Conservative,/wiki/James_Brokenshire
Debbie Abrahams,Oldham East and Saddleworth,Labour,/wiki/Debbie_Abrahams
Jim McMahon,Oldham West and Royton,Labour,/wiki/Jim_McMahon_(politician)
Alistair Carmichael,Orkney and Shetland,Liberal Democrats,/wiki/Alistair_Carmichael
Jo Johnson,Orpington,Conservative,/wiki/Jo_Johnson
Anneliese Dodds,Oxford East,Labour,/wiki/Anneliese_Dodds
Layla Moran,Oxford West and Abingdon,Conservative,/wiki/Layla_Moran
Gavin Newlands,Paisley and Renfrewshire North,SNP,/wiki/Gavin_Newlands
Mhairi Black,Paisley and Renfrewshire South,SNP,/wiki/Mhairi_Black
Andrew Stephenson,Pendle,Conservative,/wiki/Andrew_Stephenson
Angela Smith,Penistone and Stocksbridge,Labour,/wiki/Angela_Christine_Smith
Rory Stewart,Penrith and The Border,Conservative,/wiki/Rory_Stewart
Pete Wishart,Perth and North Perthshire,SNP,/wiki/Pete_Wishart
Fiona Onasanya,Peterborough,Conservative,/wiki/Fiona_Onasanya
Johnny Mercer,"Plymouth, Moor View",Conservative,/wiki/Johnny_Mercer_(politician)
Luke Pollard,"Plymouth, Sutton and Devonport",Conservative,/wiki/Luke_Pollard
Owen Smith,Pontypridd,Labour,/wiki/Owen_Smith_(politician)
Robert Syms,Poole,Conservative,/wiki/Robert_Syms
Jim Fitzpatrick,Poplar and Limehouse,Labour,/wiki/Jim_Fitzpatrick_(politician)
Penny Mordaunt,Portsmouth North,Conservative,/wiki/Penny_Mordaunt
Stephen Morgan,Portsmouth South,Conservative,/wiki/Stephen_Morgan_(U.K._politician)
Stephen Crabb,Preseli Pembrokeshire,Conservative,/wiki/Stephen_Crabb
Mark Hendrick,Preston,Labour Co-operative,/wiki/Mark_Hendrick
Stuart Andrew,Pudsey,Conservative,/wiki/Stuart_Andrew
Justine Greening,Putney,Conservative,/wiki/Justine_Greening
Mark Francois,Rayleigh and Wickford,Conservative,/wiki/Mark_Francois
Matt Rodda,Reading East,Conservative,/wiki/Matt_Rodda
Alok Sharma,Reading West,Conservative,/wiki/Alok_Sharma
Anna Turley,Redcar,Labour Co-operative,/wiki/Anna_Turley
Rachel Maclean,Redditch,Conservative,/wiki/Rachel_Maclean_(politician)
Crispin Blunt,Reigate,Conservative,/wiki/Crispin_Blunt
Chris Bryant,Rhondda,Labour,/wiki/Chris_Bryant
Nigel Evans,Ribble Valley,Conservative,/wiki/Nigel_Evans
Rishi Sunak,Richmond (Yorks),Conservative,/wiki/Rishi_Sunak
Zac Goldsmith,Richmond Park,Liberal Democrats,/wiki/Zac_Goldsmith
Tony Lloyd,Rochdale,Independent,/wiki/Tony_Lloyd
Kelly Tolhurst,Rochester and Strood,Conservative,/wiki/Kelly_Tolhurst
James Duddridge,Rochford and Southend East,Conservative,/wiki/James_Duddridge
Andrew Rosindell,Romford,Conservative,/wiki/Andrew_Rosindell
Caroline Nokes,Romsey and Southampton North,Conservative,/wiki/Caroline_Nokes
Ian Blackford,"Ross, Skye and Lochaber",SNP,/wiki/Ian_Blackford
Jake Berry,Rossendale and Darwen,Conservative,/wiki/Jake_Berry
Sir Kevin Barron,Rother Valley,Labour,/wiki/Kevin_Barron
Sarah Champion,Rotherham,Labour,/wiki/Sarah_Champion_(politician)
Mark Pawsey,Rugby,Conservative,/wiki/Mark_Pawsey
The Hon. Nick Hurd,"Ruislip, Northwood and Pinner",Conservative,/wiki/Nick_Hurd
Philip Hammond,Runnymede and Weybridge,Conservative,/wiki/Philip_Hammond
Kenneth Clarke,Rushcliffe,Conservative,/wiki/Kenneth_Clarke
Ged Killen,Rutherglen and Hamilton West,SNP,/wiki/Gerard_Killen
Sir Alan Duncan,Rutland and Melton,Conservative,/wiki/Alan_Duncan
Kemi Badenoch,Saffron Walden,Conservative,/wiki/Kemi_Badenoch
Rebecca Long-Bailey,Salford and Eccles,Labour,/wiki/Rebecca_Long-Bailey
John Glen,Salisbury,Conservative,/wiki/John_Glen_(Conservative_politician)
Robert Goodwill,Scarborough and Whitby,Conservative,/wiki/Robert_Goodwill
Nic Dakin,Scunthorpe,Labour,/wiki/Nic_Dakin
Phil Wilson,Sedgefield,Labour,/wiki/Phil_Wilson_(British_politician)
Bill Esterson,Sefton Central,Labour,/wiki/Bill_Esterson
Nigel Adams,Selby and Ainsty,Conservative,/wiki/Nigel_Adams
Sir Michael Fallon,Sevenoaks,Conservative,/wiki/Michael_Fallon
Paul Blomfield,Sheffield Central,Labour,/wiki/Paul_Blomfield
Clive Betts,Sheffield South East,Labour,/wiki/Clive_Betts
Gill Furniss,"Sheffield, Brightside and Hillsborough",Labour,/wiki/Gill_Furniss
Jared O'Mara,"Sheffield, Hallam",Liberal Democrats,/wiki/Jared_O%27Mara
Louise Haigh,"Sheffield, Heeley",Labour Co-operative,/wiki/Louise_Haigh
Mark Spencer,Sherwood,Conservative,/wiki/Mark_Spencer_(British_politician)
Philip Davies,Shipley,Conservative,/wiki/Philip_Davies
Daniel Kawczynski,Shrewsbury and Atcham,Conservative,/wiki/Daniel_Kawczynski
Gordon Henderson,Sittingbourne and Sheppey,Conservative,/wiki/Gordon_Henderson_(politician)
Julian Smith,Skipton and Ripon,Conservative,/wiki/Julian_Smith_(politician)
Caroline Johnson,Sleaford and North Hykeham,Conservative,/wiki/Caroline_Johnson
Tan Dhesi,Slough,Labour,/wiki/Tanmanjeet_Singh_Dhesi
Julian Knight,Solihull,Conservative,/wiki/Julian_Knight_(politician)
David Warburton,Somerton and Frome,Conservative,/wiki/David_Warburton
Paul Girvan,South Antrim,UUP,/wiki/Paul_Girvan
Stephen Metcalfe,South Basildon and East Thurrock,Conservative,/wiki/Stephen_Metcalfe_(politician)
Heidi Allen,South Cambridgeshire,Conservative,/wiki/Heidi_Allen
Heather Wheeler,South Derbyshire,Conservative,/wiki/Heather_Wheeler
Richard Drax,South Dorset,Conservative,/wiki/Richard_Drax
Chris Hazzard,South Down,SDLP,/wiki/Chris_Hazzard
Lucy Frazer,South East Cambridgeshire,Conservative,/wiki/Lucy_Frazer
Sheryll Murray,South East Cornwall,Conservative,/wiki/Sheryll_Murray
John Hayes,South Holland and The Deepings,Conservative,/wiki/John_Henry_Hayes
Alberto Costa,South Leicestershire,Conservative,/wiki/Alberto_Costa_(British_politician)
Richard Bacon,South Norfolk,Conservative,/wiki/Richard_Bacon_(politician)
Andrea Leadsom,South Northamptonshire,Conservative,/wiki/Andrea_Leadsom
Seema Kennedy,South Ribble,Conservative,/wiki/Seema_Kennedy
Emma Lewell-Buck,South Shields,Labour,/wiki/Emma_Lewell-Buck
Gavin Williamson,South Staffordshire,Conservative,/wiki/Gavin_Williamson
James Cartlidge,South Suffolk,Conservative,/wiki/James_Cartlidge
Robert Buckland,South Swindon,Conservative,/wiki/Robert_Buckland
Craig Mackinlay,South Thanet,Conservative,/wiki/Craig_Mackinlay
Andrew Selous,South West Bedfordshire,Conservative,/wiki/Andrew_Selous
Gary Streeter,South West Devon,Conservative,/wiki/Gary_Streeter
David Gauke,South West Hertfordshire,Conservative,/wiki/David_Gauke
Elizabeth Truss,South West Norfolk,Conservative,/wiki/Elizabeth_Truss
Jeremy Hunt,South West Surrey,Conservative,/wiki/Jeremy_Hunt_(politician)
Andrew Murrison,South West Wiltshire,Conservative,/wiki/Andrew_Murrison
Royston Smith,"Southampton, Itchen",Conservative,/wiki/Royston_Smith_(politician)
Alan Whitehead,"Southampton, Test",Labour,/wiki/Alan_Whitehead
Sir David Amess,Southend West,Conservative,/wiki/David_Amess
Damien Moore,Southport,Liberal Democrats,/wiki/Damien_Moore
Kwasi Kwarteng,Spelthorne,Conservative,/wiki/Kwasi_Kwarteng
Anne Main,St Albans,Conservative,/wiki/Anne_Main
Steve Double,St Austell and Newquay,Conservative,/wiki/Steve_Double
Conor McGinn,St Helens North,Labour,/wiki/Conor_McGinn
Marie Rimmer,St Helens South and Whiston,Labour,/wiki/Marie_Rimmer
Derek Thomas,St Ives,Conservative,/wiki/Derek_Thomas_(politician)
Jeremy Lefroy,Stafford,Conservative,/wiki/Jeremy_Lefroy
Karen Bradley,Staffordshire Moorlands,Conservative,/wiki/Karen_Bradley
Jonathan Reynolds,Stalybridge and Hyde,Labour Co-operative,/wiki/Jonathan_Reynolds
Stephen McPartland,Stevenage,Conservative,/wiki/Stephen_McPartland
Stephen Kerr,Stirling,SNP,/wiki/Stephen_Kerr
Ann Coffey,Stockport,Labour,/wiki/Ann_Coffey
Alex Cunningham,Stockton North,Labour,/wiki/Alex_Cunningham
Paul Williams,Stockton South,Conservative,/wiki/Paul_Williams_(Labour_politician)
Gareth Snell,Stoke-on-Trent Central,Labour Co-operative,/wiki/Gareth_Snell
Ruth Smeeth,Stoke-on-Trent North,Labour,/wiki/Ruth_Smeeth
Jack Brereton,Stoke-on-Trent South,Labour,/wiki/Jack_Brereton
Sir Bill Cash,Stone,Conservative,/wiki/Bill_Cash
Margot James,Stourbridge,Conservative,/wiki/Margot_James
Jim Shannon,Strangford,DUP,/wiki/Jim_Shannon
Nadhim Zahawi,Stratford-on-Avon,Conservative,/wiki/Nadhim_Zahawi
Chuka Umunna,Streatham,Labour,/wiki/Chuka_Umunna
Kate Green,Stretford and Urmston,Labour,/wiki/Kate_Green
David Drew,Stroud,Conservative,/wiki/David_Drew_(politician)
Therese Coffey,Suffolk Coastal,Conservative,/wiki/Therese_Coffey
Julie Elliott,Sunderland Central,Labour,/wiki/Julie_Elliott
Michael Gove,Surrey Heath,Conservative,/wiki/Michael_Gove
Paul Scully,Sutton and Cheam,Conservative,/wiki/Paul_Scully
Andrew Mitchell,Sutton Coldfield,Conservative,/wiki/Andrew_Mitchell
Carolyn Harris,Swansea East,Labour,/wiki/Carolyn_Harris_(politician)
Geraint Davies,Swansea West,Labour Co-operative,/wiki/Geraint_Davies_(Labour_politician)
Christopher Pincher,Tamworth,Conservative,/wiki/Christopher_Pincher
Esther McVey,Tatton,Conservative,/wiki/Esther_McVey
Rebecca Pow,Taunton Deane,Conservative,/wiki/Rebecca_Pow
Lucy Allan,Telford,Conservative,/wiki/Lucy_Allan_(politician)
Laurence Robertson,Tewkesbury,Conservative,/wiki/Laurence_Robertson
Kevin Hollinrake,Thirsk and Malton,Conservative,/wiki/Kevin_Hollinrake
Luke Hall,Thornbury and Yate,Conservative,/wiki/Luke_Hall_(politician)
Jackie Doyle-Price,Thurrock,Conservative,/wiki/Jackie_Doyle-Price
Neil Parish,Tiverton and Honiton,Conservative,/wiki/Neil_Parish
Tom Tugendhat,Tonbridge and Malling,Conservative,/wiki/Tom_Tugendhat
Rosena Allin-Khan,Tooting,Labour,/wiki/Rosena_Allin-Khan
Kevin Foster,Torbay,Conservative,/wiki/Kevin_Foster_(politician)
Nick Thomas-Symonds,Torfaen,Labour,/wiki/Nick_Thomas-Symonds
Geoffrey Cox,Torridge and West Devon,Conservative,/wiki/Geoffrey_Cox_(British_politician)
Sarah Wollaston,Totnes,Conservative,/wiki/Sarah_Wollaston
David Lammy,Tottenham,Labour,/wiki/David_Lammy
Sarah Newton,Truro and Falmouth,Conservative,/wiki/Sarah_Newton
Greg Clark,Tunbridge Wells,Conservative,/wiki/Greg_Clark
Sir Vince Cable,Twickenham,Conservative,/wiki/Vince_Cable
Alan Campbell,Tynemouth,Labour,/wiki/Alan_Campbell_(politician)
David Simpson,Upper Bann,DUP,/wiki/David_Simpson_(Northern_Ireland_politician)
Boris Johnson,Uxbridge and South Ruislip,Conservative,/wiki/Boris_Johnson
Chris Ruane,Vale of Clwyd,Conservative,/wiki/Chris_Ruane
Alun Cairns,Vale of Glamorgan,Conservative,/wiki/Alun_Cairns
Kate Hoey,Vauxhall,Labour,/wiki/Kate_Hoey
Mary Creagh,Wakefield,Labour,/wiki/Mary_Creagh
Angela Eagle,Wallasey,Labour,/wiki/Angela_Eagle
Eddie Hughes,Walsall North,Labour,/wiki/Eddie_Hughes_(UK_politician)
Valerie Vaz,Walsall South,Labour,/wiki/Valerie_Vaz
Stella Creasy,Walthamstow,Labour Co-operative,/wiki/Stella_Creasy
Ian Lavery,Wansbeck,Labour,/wiki/Ian_Lavery
The Hon. Ed Vaizey,Wantage,Conservative,/wiki/Ed_Vaizey
John Spellar,Warley,Labour,/wiki/John_Spellar
Helen Jones,Warrington North,Labour,/wiki/Helen_Jones
Faisal Rashid,Warrington South,Conservative,/wiki/Faisal_Rashid
Matt Western,Warwick and Leamington,Conservative,/wiki/Matt_Western
Sharon Hodgson,Washington and Sunderland West,Labour,/wiki/Sharon_Hodgson
Richard Harrington,Watford,Conservative,/wiki/Richard_Harrington_(politician)
Peter Aldous,Waveney,Conservative,/wiki/Peter_Aldous
Nus Ghani,Wealden,Conservative,/wiki/Nus_Ghani
Mike Amesbury,Weaver Vale,Conservative,/wiki/Mike_Amesbury
Peter Bone,Wellingborough,Conservative,/wiki/Peter_Bone
James Heappey,Wells,Conservative,/wiki/James_Heappey
Grant Shapps,Welwyn Hatfield,Conservative,/wiki/Grant_Shapps
John Healey,Wentworth and Dearne,Labour,/wiki/John_Healey_(politician)
Andrew Bowie,West Aberdeenshire and Kincardine,SNP,/wiki/Andrew_Bowie_(politician)
Tom Watson,West Bromwich East,Labour,/wiki/Tom_Watson_(Labour_politician)
Adrian Bailey,West Bromwich West,Labour Co-operative,/wiki/Adrian_Bailey
Sir Oliver Letwin,West Dorset,Conservative,/wiki/Oliver_Letwin
Martin Docherty,West Dunbartonshire,SNP,/wiki/Martin_Docherty
Lyn Brown,West Ham,Labour,/wiki/Lyn_Brown_(politician)
Rosie Cooper,West Lancashire,Labour,/wiki/Rosie_Cooper
Matthew Hancock,West Suffolk,Conservative,/wiki/Matthew_Hancock
Barry McElduff,West Tyrone,Sinn Féin,/wiki/Barry_McElduff
Harriett Baldwin,West Worcestershire,Conservative,/wiki/Harriett_Baldwin
Karen Buck,Westminster North,Labour,/wiki/Karen_Buck
Tim Farron,Westmorland and Lonsdale,Liberal Democrats,/wiki/Tim_Farron
John Penrose,Weston-Super-Mare,Conservative,/wiki/John_Penrose
Lisa Nandy,Wigan,Labour,/wiki/Lisa_Nandy
Stephen Hammond,Wimbledon,Conservative,/wiki/Stephen_Hammond
Steve Brine,Winchester,Conservative,/wiki/Steve_Brine
Adam Afriyie,Windsor,Conservative,/wiki/Adam_Afriyie
Alison McGovern,Wirral South,Labour,/wiki/Alison_McGovern
Margaret Greenwood,Wirral West,Labour,/wiki/Margaret_Greenwood
Priti Patel,Witham,Conservative,/wiki/Priti_Patel
Robert Courts,Witney,Conservative,/wiki/Robert_Courts
Jonathan Lord,Woking,Conservative,/wiki/Jonathan_Lord
John Redwood,Wokingham,Conservative,/wiki/John_Redwood
Emma Reynolds,Wolverhampton North East,Labour,/wiki/Emma_Reynolds
Pat McFadden,Wolverhampton South East,Labour,/wiki/Pat_McFadden_(British_politician)
Eleanor Smith,Wolverhampton South West,Labour,/wiki/Eleanor_Smith_(politician)
The Hon. Robin Walker,Worcester,Conservative,/wiki/Robin_Walker
Sue Hayman,Workington,Labour,/wiki/Sue_Hayman
Barbara Keeley,Worsley and Eccles South,Labour,/wiki/Barbara_Keeley
Sir Peter Bottomley,Worthing West,Conservative,/wiki/Peter_Bottomley
Mark Pritchard,The Wrekin,Conservative,/wiki/Mark_Pritchard_(politician)
Ian Lucas,Wrexham,Labour,/wiki/Ian_Lucas
Steve Baker,Wycombe,Conservative,/wiki/Steve_Baker_(politician)
Ben Wallace,Wyre and Preston North,Conservative,/wiki/Ben_Wallace_(politician)
Mark Garnier,Wyre Forest,Conservative,/wiki/Mark_Garnier
Mike Kane,Wythenshawe and Sale East,Labour,/wiki/Mike_Kane
Marcus Fysh,Yeovil,Conservative,/wiki/Marcus_Fysh
Albert Owen,Ynys M�n,Labour,/wiki/Albert_Owen
Rachael Maskell,York Central,Labour Co-operative,/wiki/Rachael_Maskell
Julian Sturdy,York Outer,Conservative,/wiki/Julian_Sturdy
